,Brand Name,OS,Ram Type,RAM,Processor,GPU,Warranty,ScreenSize,Disk Type,DISK SIZE,Price
0,Lenovo,Window,DDR4,8,Intel,Others,2,14.0,SSD,256,10.51843
1,Lenovo,Window,DDR4,8,Intel,Others,2,15.6,SSD,512,10.59641
2,ASUS,Window,DDR4,8,Intel,Others,1,15.6,SSD,512,10.40399
3,HP,Window,DDR4,8,AMD,AMD,1,15.6,SSD,512,10.819598
4,ASUS,Window,DDR4,8,Intel,Others,1,15.6,SSD,512,10.819598
5,HP,Window,DDR4,8,Intel,Others,1,14.0,SSD,256,10.51843
6,DELL,Window,DDR4,8,Intel,Others,1,15.6,HDD,1024,10.571086
7,RedmiBook,Window,DDR4,8,Intel,Others,1,15.6,SSD,512,10.59641
8,Others,Window,DDR4,8,Intel,Others,1,14.0,SSD,256,10.757711
9,ASUS,Window,DDR4,16,AMD,AMD,1,14.0,SSD,512,10.714218
10,HP,Window,DDR4,8,AMD,AMD,1,15.6,SSD,512,11.00195
11,Lenovo,Window,DDR4,8,AMD,AMD,2,15.6,SSD,512,10.56375
12,ASUS,Window,DDR4,8,Intel,Others,1,15.6,SSD,256,10.40399
13,ASUS,Window,DDR4,8,AMD,AMD,1,15.6,SSD,512,10.877877
14,acer,Window,DDR4,8,Intel,Others,1,15.6,SSD,256,10.308653
15,ASUS,Window,DDR5,16,AMD,Others,1,15.6,SSD,1024,12.190913
16,ASUS,Window,DDR4,8,Intel,Others,1,15.6,HDD,1024,10.778769
17,ASUS,Window,DDR4,8,Intel,Others,1,15.6,SSD,512,10.736201
18,MSI,Window,DDR4,8,AMD,AMD,1,15.6,SSD,512,10.778769
19,ASUS,Window,DDR4,16,AMD,Others,1,15.6,SSD,1024,11.361998
20,APPLE,Mac,DDR4,8,Others,Others,1,14.0,SSD,256,11.396291
21,HP,Window,DDR4,8,Intel,Others,1,14.0,SSD,512,10.621108
22,Lenovo,Others,Others,4,Intel,Intel,1,15.6,HDD,256,9.877708
23,Lenovo,Window,DDR4,8,AMD,AMD,2,15.6,SSD,512,10.479848
24,HP,Window,DDR4,8,Intel,Others,1,15.6,SSD,512,11.097274
25,RedmiBook,Window,DDR4,8,Intel,Others,1,15.6,SSD,512,10.59641
26,Lenovo,Window,DDR4,8,Intel,Others,2,15.6,SSD,512,10.59641
27,ASUS,Window,DDR5,16,AMD,Others,1,15.6,SSD,1024,12.190913
28,acer,Window,DDR4,16,Intel,Others,1,15.6,SSD,512,10.98514
29,Others,Window,DDR4,8,Intel,Others,1,14.0,SSD,256,10.757711
30,Lenovo,Window,DDR4,8,AMD,AMD,2,15.6,SSD,512,10.56375
31,ASUS,Window,DDR4,16,AMD,Others,1,15.6,SSD,1024,11.361998
32,acer,Window,DDR4,8,AMD,AMD,1,15.6,SSD,256,10.126271
33,acer,Window,DDR4,8,AMD,AMD,1,15.6,SSD,512,10.778769
34,ASUS,Window,DDR4,8,AMD,AMD,1,15.6,SSD,512,11.211699
35,Lenovo,Window,DDR4,8,Intel,Others,2,15.6,SSD,512,10.887269
36,Lenovo,Window,DDR4,8,AMD,AMD,2,15.6,SSD,512,10.479848
37,ASUS,Window,DDR4,16,AMD,Others,1,15.6,SSD,1024,11.924975
38,Lenovo,Window,DDR4,8,Intel,Others,1,15.6,SSD,512,10.858826
39,ASUS,Window,DDR4,16,Intel,Others,1,15.6,SSD,512,11.112313
40,Lenovo,Window,DDR4,8,Intel,Others,2,14.0,SSD,256,10.51843
41,ASUS,Window,DDR5,16,AMD,Others,1,15.6,SSD,1024,12.180709
42,acer,Window,DDR4,16,AMD,AMD,1,15.6,SSD,512,10.858826
43,HP,Window,DDR4,8,AMD,AMD,1,14.0,SSD,256,10.165505
44,acer,Window,DDR4,8,AMD,AMD,1,15.6,SSD,512,10.491024
45,ASUS,Window,DDR4,8,Intel,Others,1,15.6,SSD,512,10.69174
46,Lenovo,Window,DDR4,8,AMD,AMD,2,15.6,SSD,512,10.714218
47,Lenovo,Window,DDR4,8,AMD,AMD,1,15.6,SSD,512,11.074281
48,ASUS,Window,DDR4,8,Intel,Others,1,15.6,SSD,256,10.621108
49,ASUS,Window,DDR4,8,Intel,Others,1,14.0,SSD,512,10.571086
50,Lenovo,Window,DDR4,8,Intel,Others,2,14.0,SSD,256,10.51843
51,RedmiBook,Window,DDR4,8,Intel,Others,1,15.6,SSD,512,10.59641
52,HP,Window,DDR4,8,Intel,Others,1,15.6,SSD,512,10.98514
53,Others,Window,DDR4,8,Intel,Intel,1,14.0,SSD,512,11.00195
54,acer,Window,DDR4,8,Intel,Others,1,15.6,SSD,512,10.778769
55,HP,Window,DDR4,8,AMD,AMD,1,15.6,SSD,512,10.532096
56,ASUS,Window,DDR5,16,AMD,Others,1,15.6,SSD,1024,12.190913
57,Lenovo,Window,DDR4,8,AMD,AMD,2,15.6,SSD,512,10.56375
58,ASUS,Window,DDR4,8,AMD,Others,1,15.6,SSD,1024,11.461537
59,ASUS,Window,DDR4,8,Intel,Others,1,15.6,SSD,512,10.40399
60,ASUS,Window,DDR4,16,AMD,Others,1,15.6,SSD,1024,11.361998
61,Lenovo,Window,DDR4,8,AMD,AMD,2,15.6,SSD,512,10.479848
62,ASUS,Window,DDR4,4,Intel,Intel,1,14.0,SSD,256,10.085434
63,HP,Window,DDR4,16,AMD,AMD,1,14.0,SSD,512,10.799392
64,APPLE,Mac,,8,Others,Others,1,15.6,SSD,512,11.849334
65,ASUS,Window,DDR4,16,AMD,AMD,1,15.6,SSD,512,11.407465
66,ASUS,Window,DDR4,16,AMD,Others,1,15.6,SSD,1024,11.924975
67,Lenovo,Window,DDR4,8,Intel,Others,2,15.6,SSD,512,10.59641
68,ASUS,Window,DDR4,8,AMD,Others,1,15.6,SSD,1024,11.00195
69,DELL,Window,DDR4,16,AMD,NVIDIA,1,15.6,SSD,512,11.170308
70,ASUS,Window,DDR5,16,AMD,Others,1,15.6,SSD,1024,12.180709
71,Lenovo,Window,DDR4,8,AMD,AMD,2,15.6,SSD,512,10.714218
72,Infinix,Window,Others,8,Intel,Intel,1,14.0,SSD,256,10.042858
73,HP,Window,DDR4,8,AMD,AMD,1,15.6,SSD,512,10.757711
74,ASUS,Window,DDR4,8,Intel,Others,1,15.6,HDD,1024,10.839404
75,Infinix,Window,Others,8,Intel,Others,1,14.0,SSD,256,10.274741
76,RedmiBook,Window,DDR4,8,Intel,Others,1,15.6,SSD,512,10.59641
77,Lenovo,Window,DDR4,8,AMD,AMD,2,15.6,SSD,512,10.56375
78,MSI,Window,DDR4,16,Intel,Others,2,15.6,SSD,512,11.350301
79,APPLE,Mac,,16,Others,Others,1,14.0,SSD,512,12.111712
80,ASUS,Window,DDR5,16,AMD,Others,1,15.6,SSD,1024,12.190913
81,ASUS,Window,DDR4,16,AMD,Others,1,15.6,SSD,1024,11.361998
82,MSI,Window,DDR4,16,AMD,Others,1,15.6,SSD,1024,11.608154
83,Others,Window,Others,4,Others,Others,1,15.6,SSD,128,10.40399
84,Infinix,Window,Others,16,Intel,Others,1,15.6,SSD,512,10.545105
85,APPLE,Mac,,8,Others,Others,1,15.6,SSD,512,11.849334
86,Lenovo,Window,DDR4,8,AMD,AMD,2,15.6,SSD,512,10.479848
87,ASUS,Window,DDR4,16,AMD,Others,1,15.6,SSD,1024,11.924975
88,Lenovo,Window,DDR4,4,Intel,Others,1,15.6,SSD,256,10.308653
89,Lenovo,Others,DDR4,4,Intel,Others,1,15.6,SSD,128,9.877708
90,Lenovo,Window,DDR4,8,Intel,Others,2,14.0,SSD,256,10.51843
91,Lenovo,Window,DDR4,8,AMD,AMD,1,15.6,SSD,512,11.204918
92,ASUS,Window,DDR4,8,AMD,Others,1,15.6,HDD,1024,10.877877
93,HP,Window,DDR4,8,Intel,Others,1,15.6,SSD,512,10.642826
94,DELL,Window,DDR4,8,Intel,Intel,1,15.6,SSD,256,10.323152
95,acer,Window,DDR4,8,Intel,Others,1,15.6,SSD,512,10.462846
96,Lenovo,Others,DDR4,4,Intel,Others,1,15.6,SSD,128,9.877708
97,Lenovo,Window,DDR4,4,Intel,Others,1,15.6,SSD,256,10.308653
98,APPLE,Mac,DDR4,8,Others,Others,1,14.0,SSD,256,11.396291
99,Lenovo,Window,DDR4,8,Intel,Others,2,14.0,SSD,256,10.51843
100,MSI,Window,DDR4,8,Intel,Others,2,15.6,SSD,512,11.097274
101,ASUS,Window,DDR4,8,Intel,Others,1,15.6,SSD,512,10.419032
102,HP,Window,DDR4,16,Intel,Others,1,14.0,SSD,512,11.018481
103,Lenovo,Window,DDR4,8,Intel,Others,2,15.6,SSD,512,10.59641
104,HP,Window,DDR4,8,AMD,AMD,1,15.6,SSD,512,10.757711
105,ASUS,Window,DDR4,16,AMD,AMD,1,15.6,SSD,512,11.00195
106,MSI,Window,DDR4,16,Intel,Others,2,15.6,SSD,1024,11.652609
107,RedmiBook,Window,DDR4,8,Intel,Others,1,15.6,SSD,512,10.59641
108,ASUS,Window,DDR4,16,Intel,Others,1,15.6,SSD,1024,11.695172
109,Infinix,Window,Others,8,Intel,Others,1,15.6,SSD,512,10.668746
110,ASUS,Window,Others,16,Intel,Others,1,15.6,SSD,512,11.407465
111,Lenovo,Window,DDR4,8,AMD,AMD,2,15.6,SSD,512,10.56375
112,MSI,Window,DDR4,8,AMD,AMD,1,15.6,SSD,512,11.289669
113,ASUS,Window,DDR4,8,Intel,Others,1,15.6,SSD,1024,11.170308
114,Lenovo,Window,DDR4,8,Intel,Others,1,15.6,SSD,256,10.4312
115,ASUS,Window,DDR5,16,AMD,Others,1,15.6,SSD,1024,12.190913
116,Others,Window,DDR4,8,Intel,Intel,1,14.0,SSD,512,11.00195
117,Infinix,Window,Others,16,Intel,Others,1,15.6,SSD,512,10.877877
118,APPLE,Mac,DDR4,16,Others,Others,1,14.0,SSD,512,11.735997
119,ASUS,Window,DDR4,16,AMD,Others,1,15.6,SSD,1024,11.361998
120,RedmiBook,Window,DDR4,8,Intel,Others,1,15.6,SSD,256,10.37321
121,acer,Window,DDR4,16,AMD,AMD,1,15.6,SSD,512,11.112313
122,DELL,Window,DDR4,16,AMD,NVIDIA,1,15.6,SSD,512,11.397312
123,Lenovo,Window,DDR4,8,Intel,Others,2,14.0,SSD,256,10.51843
124,APPLE,Mac,DDR4,8,Others,Others,1,14.0,SSD,512,11.56163
125,Lenovo,Window,DDR4,8,Intel,Others,2,15.6,SSD,512,10.887269
126,ASUS,Window,Others,8,Intel,Others,1,15.6,SSD,256,10.736201
127,Lenovo,Window,DDR4,8,Intel,Others,2,15.6,SSD,512,10.59641
128,ASUS,Window,DDR4,8,Intel,Others,1,15.6,SSD,512,10.736201
129,MSI,Window,DDR4,8,Intel,Others,2,15.6,SSD,512,10.858826
130,HP,Window,DDR4,16,AMD,AMD,1,15.6,SSD,512,11.23837
131,RedmiBook,Window,DDR4,8,Intel,Others,1,15.6,SSD,512,10.59641
132,Lenovo,Window,DDR4,8,Intel,Others,2,15.6,SSD,256,10.51843
133,HP,Window,DDR4,16,Intel,Others,1,14.0,SSD,512,11.274681
134,HP,Window,DDR4,8,AMD,AMD,1,15.6,SSD,512,10.288444
135,Lenovo,Window,DDR4,8,AMD,AMD,2,15.6,SSD,512,10.56375
136,Infinix,Window,Others,8,Intel,Others,1,14.0,SSD,256,10.341452
137,Lenovo,Window,DDR4,16,Intel,Others,2,15.6,SSD,512,11.042778
138,ASUS,Window,DDR4,16,Intel,Others,1,15.6,SSD,512,11.407465
139,ASUS,Window,DDR5,16,AMD,Others,1,15.6,SSD,1024,12.190913
140,HP,Window,DDR4,8,Intel,Others,1,15.6,SSD,512,10.983597
141,MSI,Window,DDR4,16,Intel,Others,2,15.6,SSD,512,11.361998
142,DELL,Window,DDR4,8,AMD,Others,1,14.0,HDD,1024,10.407289
143,ASUS,Window,DDR4,16,AMD,Others,1,15.6,SSD,1024,11.361998
144,Lenovo,Window,DDR4,8,AMD,AMD,1,15.6,SSD,512,11.204918
145,Lenovo,Window,DDR4,8,Intel,Others,1,15.6,HDD,1024,11.058654
146,Lenovo,Window,DDR4,8,Intel,Others,2,14.0,SSD,256,10.51843
147,Lenovo,Window,DDR4,8,Intel,Others,2,15.6,SSD,512,10.59641
148,ASUS,Window,DDR4,8,AMD,AMD,1,14.0,SSD,512,10.571086
149,HP,Window,DDR4,8,Intel,Others,1,15.6,SSD,512,11.1271305
150,RedmiBook,Window,DDR4,8,Intel,Others,1,15.6,SSD,512,10.59641
151,ASUS,Window,DDR5,16,AMD,Others,1,15.6,SSD,1024,12.190913
152,HP,Window,DDR4,8,Intel,Others,1,15.6,SSD,512,10.591396
153,APPLE,Mac,,16,Others,Others,1,15.6,SSD,1024,12.396656
154,APPLE,Mac,DDR4,8,Others,Others,1,14.0,SSD,512,11.56163
155,DELL,Window,DDR4,8,AMD,AMD,1,15.6,SSD,512,10.649962
156,Lenovo,Window,DDR4,8,AMD,AMD,2,15.6,SSD,512,10.56375
157,ASUS,Window,DDR4,16,AMD,Others,1,15.6,SSD,1024,11.361998
158,ASUS,Window,DDR4,8,Intel,Others,1,14.0,SSD,512,10.59641
159,ASUS,Window,DDR5,16,Intel,Others,1,15.6,SSD,1024,11.5128355
160,Lenovo,Window,DDR4,8,AMD,AMD,2,15.6,SSD,512,10.479848
161,ASUS,Window,DDR4,16,AMD,Others,1,15.6,SSD,1024,11.924975
162,APPLE,Mac,,32,Others,Others,1,15.6,SSD,1024,12.642684
163,ASUS,Window,DDR4,16,Intel,Others,1,15.6,HDD,1024,11.082005
164,ASUS,Window,DDR4,16,AMD,AMD,1,15.6,SSD,512,11.407465
165,ASUS,Window,DDR4,16,AMD,AMD,1,15.6,SSD,512,11.361998
166,ASUS,Window,DDR5,16,AMD,Others,1,15.6,SSD,1024,12.180709
167,Lenovo,Window,DDR4,8,AMD,AMD,2,15.6,SSD,512,10.714218
168,APPLE,Mac,,16,Others,Others,1,14.0,SSD,1024,12.314887
169,Others,Others,Others,4,Intel,Intel,1,14.0,SSD,128,9.679781
170,Lenovo,Window,DDR4,8,Intel,Others,2,14.0,SSD,256,10.51843
171,Lenovo,Window,DDR4,8,Intel,Others,2,15.6,SSD,512,10.59641
172,DELL,Window,DDR4,8,Intel,Others,1,15.6,HDD,1024,10.734242
173,ASUS,Window,Others,16,Intel,Others,1,15.6,SSD,512,11.289669
174,ASUS,Window,DDR4,8,Intel,Others,1,14.0,SSD,512,10.950648
175,DELL,Window,DDR4,8,AMD,AMD,1,15.6,SSD,256,10.462846
176,RedmiBook,Window,DDR4,8,Intel,Others,1,15.6,SSD,512,10.59641
177,ASUS,Window,DDR5,16,AMD,Others,1,15.6,SSD,1024,12.190913
178,DELL,Window,DDR4,8,Intel,Others,1,15.6,SSD,512,10.682377
179,Lenovo,Window,DDR4,16,AMD,AMD,2,14.0,SSD,512,11.225123
180,Lenovo,Window,DDR4,8,AMD,AMD,2,15.6,SSD,512,10.56375
181,ASUS,Window,DDR4,16,AMD,Others,1,15.6,SSD,1024,11.361998
182,Lenovo,Window,DDR4,8,Intel,Others,2,15.6,SSD,512,10.531857
183,Infinix,Window,Others,4,Intel,Intel,1,14.0,SSD,128,9.951849
184,MSI,Window,DDR4,16,Intel,Others,2,15.6,SSD,512,11.608154
185,ASUS,Window,Others,16,Intel,Others,1,15.6,SSD,512,11.184297
186,Lenovo,Window,DDR4,8,AMD,AMD,2,15.6,SSD,512,10.479848
187,ASUS,Window,DDR4,16,AMD,Others,1,15.6,SSD,1024,11.924975
188,Infinix,Window,Others,8,Intel,Others,1,14.0,SSD,512,10.40399
189,MSI,Window,DDR4,8,AMD,AMD,1,14.0,SSD,512,10.69174
190,Lenovo,Window,DDR4,8,AMD,AMD,1,15.6,SSD,512,11.204918
191,ASUS,Window,DDR5,16,AMD,Others,1,15.6,SSD,1024,12.180709
192,acer,Window,DDR4,8,AMD,AMD,1,14.0,SSD,256,10.165505
193,ASUS,Window,DDR4,16,Intel,Others,1,15.6,SSD,1024,11.719867
194,acer,Window,DDR4,16,Intel,Others,1,15.6,SSD,512,11.141731
195,acer,Window,DDR4,8,Intel,Others,1,15.6,SSD,512,11.00195
196,Lenovo,Window,DDR4,8,Intel,Others,2,14.0,SSD,256,10.51843
197,Lenovo,Window,DDR4,8,Intel,Others,2,15.6,SSD,512,10.59641
198,acer,Window,DDR4,8,AMD,AMD,1,15.6,SSD,512,10.59641
199,ASUS,Window,DDR4,8,Intel,Others,1,15.6,HDD,1024,10.545105
200,RedmiBook,Window,DDR4,8,Intel,Others,1,15.6,SSD,512,10.59641
201,ASUS,Window,DDR5,16,AMD,Others,1,15.6,SSD,1024,12.190913
202,Lenovo,Window,DDR4,4,Intel,Others,1,14.0,SSD,256,10.163965
203,Others,Window,Others,16,Intel,Others,1,14.0,SSD,512,11.082143
204,HP,Window,DDR4,8,AMD,AMD,1,15.6,SSD,512,11.018481
205,ASUS,Window,DDR4,8,Intel,Others,1,15.6,SSD,512,10.51843
206,Lenovo,Window,DDR4,8,AMD,AMD,2,15.6,SSD,512,10.56375
207,ASUS,Window,DDR4,16,AMD,Others,1,15.6,SSD,1024,11.361998
208,Others,Window,Others,8,Intel,Others,1,15.6,SSD,256,11.00195
209,APPLE,Mac,,16,Others,Others,1,15.6,SSD,512,12.314887
210,Lenovo,Window,DDR4,8,AMD,AMD,2,15.6,SSD,512,10.479848
211,ASUS,Window,DDR4,16,AMD,Others,1,15.6,SSD,1024,11.924975
212,DELL,Window,DDR5,16,Intel,Others,1,15.6,SSD,1024,12.368548
213,DELL,Window,DDR4,8,Intel,Others,1,15.6,SSD,512,10.571086
214,ASUS,Window,DDR4,16,AMD,AMD,1,15.6,SSD,512,11.1271305
215,MSI,Window,DDR4,16,Intel,Others,2,15.6,SSD,512,11.289669
216,Lenovo,Window,DDR4,8,Intel,Others,2,14.0,SSD,256,10.51843
217,RedmiBook,Window,DDR4,8,Intel,Others,1,15.6,SSD,512,10.59641
218,ASUS,Window,DDR4,16,AMD,AMD,1,15.6,SSD,512,11.1271305
219,MSI,Window,DDR4,16,Intel,Others,2,15.6,SSD,512,11.289669
220,ASUS,Window,DDR5,16,AMD,Others,1,15.6,SSD,1024,12.190913
221,Lenovo,Window,DDR4,8,AMD,AMD,2,15.6,SSD,512,10.56375
222,ASUS,Window,Others,16,Intel,Others,1,15.6,SSD,512,11.407465
223,ASUS,Window,DDR5,32,Intel,Others,1,15.6,SSD,1024,12.396656
224,ASUS,Window,DDR4,8,Intel,Others,1,14.0,SSD,512,10.680309
225,Others,Window,DDR4,8,Intel,Others,1,14.0,SSD,256,10.757711
226,ASUS,Window,DDR4,16,AMD,Others,1,15.6,SSD,1024,11.361998
227,Lenovo,Window,DDR4,8,AMD,AMD,2,15.6,SSD,512,10.479848
228,Others,Window,DDR4,8,AMD,AMD,2,15.6,SSD,512,10.621108
229,APPLE,Mac,DDR4,8,Others,Others,1,14.0,SSD,256,11.461537
230,ASUS,Window,DDR4,16,AMD,Others,1,15.6,SSD,1024,11.924975
231,Lenovo,Window,DDR4,8,Intel,Others,2,15.6,SSD,512,10.59641
232,MSI,Window,DDR4,16,Intel,Others,2,15.6,SSD,1024,11.652609
233,APPLE,Mac,,8,Others,Others,1,15.6,SSD,256,11.711702
234,ASUS,Window,DDR4,8,Intel,Others,1,15.6,HDD,1024,10.545105
235,ASUS,Window,DDR4,8,Intel,Intel,1,15.6,SSD,256,10.239638
236,ASUS,Window,DDR5,16,AMD,Others,1,15.6,SSD,1024,12.180709
237,Lenovo,Window,DDR4,8,AMD,AMD,2,15.6,SSD,512,10.714218
238,DELL,Window,DDR4,8,AMD,AMD,1,15.6,SSD,512,10.601398
239,Lenovo,Window,DDR4,8,AMD,Others,1,15.6,SSD,512,10.462846
240,Lenovo,Window,DDR4,8,Intel,Others,2,15.6,SSD,512,10.59641
241,RedmiBook,Window,DDR4,8,Intel,Others,1,15.6,SSD,512,10.59641
242,ASUS,Window,Others,16,Intel,Others,1,14.0,SSD,1024,11.461537
243,Lenovo,Window,DDR4,8,Intel,Others,1,15.6,SSD,512,11.156122
244,ASUS,Window,DDR4,8,Intel,Others,1,15.6,SSD,512,11.00195
245,ASUS,Window,DDR4,16,Intel,Others,1,15.6,SSD,512,11.112313
246,ASUS,Window,DDR5,16,AMD,Others,1,15.6,SSD,1024,12.190913
247,Lenovo,Window,DDR4,8,AMD,AMD,2,15.6,SSD,512,10.56375
248,ASUS,Window,Others,16,Intel,Others,1,15.6,SSD,512,11.56163
249,DELL,Window,DDR4,8,Intel,Others,1,14.0,SSD,256,10.913287
250,ASUS,Window,DDR4,16,AMD,Others,1,15.6,SSD,1024,11.361998
251,Lenovo,Window,DDR4,8,AMD,AMD,2,15.6,SSD,512,10.479848
252,Lenovo,Window,DDR4,16,AMD,Others,2,15.6,SSD,1024,11.82767
253,DELL,Window,DDR4,8,AMD,AMD,1,15.6,SSD,512,10.782803
254,ASUS,Window,DDR4,16,Intel,Others,1,15.6,SSD,512,11.225123
255,acer,Window,DDR4,8,Intel,Others,1,15.6,SSD,512,11.018481
256,ASUS,Window,DDR4,16,AMD,Others,1,15.6,SSD,1024,11.924975
257,Lenovo,Window,DDR4,8,Intel,Others,2,14.0,SSD,256,10.51843
258,HP,Window,DDR4,8,AMD,AMD,1,14.0,SSD,512,10.819598
259,DELL,Window,DDR4,8,Intel,NVIDIA,1,15.6,SSD,512,11.1271305
260,ASUS,Window,DDR5,16,AMD,Others,1,15.6,SSD,1024,12.180709
261,Lenovo,Window,DDR4,8,AMD,AMD,2,15.6,SSD,512,10.714218
262,Lenovo,Window,DDR4,8,Intel,Others,2,15.6,SSD,512,10.968216
263,Infinix,Window,Others,8,Intel,Others,1,14.0,SSD,256,10.308653
264,ASUS,Window,Others,16,AMD,Others,1,15.6,SSD,1024,11.652609
265,HP,Window,DDR4,8,AMD,AMD,1,15.6,SSD,512,10.433851
266,RedmiBook,Window,DDR4,8,Intel,Others,1,15.6,SSD,512,10.59641
267,ASUS,Window,DDR5,16,AMD,Others,1,15.6,SSD,1024,12.190913
268,ASUS,Window,DDR4,16,AMD,AMD,1,15.6,SSD,512,11.082005
269,Lenovo,Window,DDR4,16,Intel,Others,1,15.6,SSD,512,11.289669
270,Lenovo,Window,DDR4,8,AMD,AMD,2,15.6,SSD,512,10.56375
271,ASUS,Window,DDR4,16,AMD,Others,1,15.6,SSD,1024,11.361998
272,Infinix,Window,Others,8,Intel,Others,1,14.0,SSD,256,10.274741
273,ASUS,Window,DDR4,8,AMD,Others,1,15.6,SSD,512,10.950648
274,HP,Window,DDR4,16,AMD,AMD,1,14.0,SSD,512,11.314364
275,MSI,Window,DDR4,16,Intel,Others,2,15.6,SSD,1024,11.775221
276,Lenovo,Window,DDR4,8,AMD,AMD,2,15.6,SSD,512,10.479848
277,ASUS,Window,DDR4,16,AMD,Others,1,15.6,SSD,1024,11.924975
278,DELL,Window,DDR4,8,AMD,Others,1,15.6,HDD,1024,10.571086
279,HP,Window,DDR4,16,AMD,Others,1,15.6,HDD,1024,11.289669
280,Lenovo,Window,DDR4,8,Intel,Others,2,14.0,SSD,256,10.51843
281,Lenovo,Window,DDR4,8,Intel,Others,2,15.6,SSD,512,10.59641
282,APPLE,Mac,,8,Others,Others,1,15.6,SSD,512,11.849334
283,ASUS,Window,DDR5,16,Intel,Others,1,15.6,SSD,1024,11.608154
284,ASUS,Window,DDR5,16,AMD,Others,1,15.6,SSD,1024,11.951122
285,Lenovo,Window,DDR4,16,Intel,Others,1,15.6,SSD,512,11.050747
286,ASUS,Window,DDR5,16,AMD,Others,1,15.6,SSD,1024,12.180709
287,Lenovo,Window,DDR4,8,AMD,AMD,2,15.6,SSD,512,10.714218
288,ASUS,Window,DDR4,8,Intel,Others,1,14.0,SSD,512,10.778769
289,DELL,Window,DDR4,8,AMD,AMD,1,15.6,SSD,512,10.684371
290,ASUS,Window,DDR5,16,AMD,Others,1,15.6,SSD,1024,11.820344
291,Lenovo,Window,DDR4,8,Intel,Others,2,14.0,SSD,256,10.51843
292,ASUS,Window,DDR5,16,AMD,AMD,1,15.6,SSD,512,11.502784
293,Infinix,Window,Others,16,Intel,Others,1,15.6,SSD,512,10.757711
294,ASUS,Window,DDR4,8,Intel,Others,1,15.6,SSD,256,10.491024
295,Lenovo,Window,DDR4,8,Intel,Others,2,15.6,SSD,512,10.59641
296,ASUS,Window,DDR5,16,Intel,Others,1,15.6,SSD,1024,11.608154
297,APPLE,Mac,,8,Others,Others,1,15.6,SSD,512,11.849334
298,DELL,Window,DDR4,8,Intel,Others,1,15.6,SSD,512,11.222185
299,RedmiBook,Window,DDR4,8,Intel,Others,1,15.6,SSD,512,10.59641
300,HP,Window,DDR4,8,AMD,AMD,1,15.6,SSD,512,10.616437
301,ASUS,Window,DDR4,16,Intel,Others,1,15.6,SSD,512,11.1489525
302,ASUS,Window,DDR4,8,Intel,Others,1,14.0,SSD,512,10.59641
303,Lenovo,Window,DDR4,8,AMD,AMD,2,15.6,SSD,512,10.56375
304,ASUS,Window,Others,16,AMD,AMD,1,15.6,SSD,512,11.5128355
305,APPLE,Mac,,16,Others,Others,1,15.6,SSD,1024,12.396656
306,acer,Window,DDR4,8,Intel,Others,1,15.6,SSD,512,10.621108
307,ASUS,Window,DDR5,16,AMD,Others,1,15.6,SSD,1024,12.190913
308,HP,Window,DDR4,8,Intel,Others,1,15.6,SSD,512,11.008595
309,HP,Window,DDR4,8,Intel,Others,1,15.6,HDD,1024,11.156122
310,ASUS,Window,DDR4,8,Intel,Others,1,15.6,SSD,256,10.714218
311,ASUS,Window,DDR4,16,AMD,Others,1,15.6,SSD,1024,11.361998
312,ASUS,Window,DDR4,8,Intel,Others,1,15.6,SSD,256,10.714218
313,HP,Window,DDR4,8,Intel,Others,1,15.6,SSD,512,11.008595
314,ASUS,Window,DDR4,16,Intel,Others,1,15.6,SSD,512,11.1489525
315,HP,Window,DDR4,8,AMD,AMD,1,15.6,SSD,512,10.616437
316,Lenovo,Window,DDR4,8,Intel,Others,2,15.6,SSD,512,10.59641
317,RedmiBook,Window,DDR4,8,Intel,Others,1,15.6,SSD,512,10.59641
318,HP,Window,DDR4,16,AMD,AMD,1,15.6,SSD,512,10.932946
319,Lenovo,Window,Others,16,Intel,Others,1,15.6,SSD,512,11.225123
320,ASUS,Window,DDR5,16,AMD,Others,1,15.6,SSD,1024,12.190913
321,Lenovo,Window,DDR4,8,AMD,AMD,2,15.6,SSD,512,10.56375
322,HP,Window,DDR4,8,Intel,Others,1,15.6,HDD,1024,11.156122
323,ASUS,Window,DDR4,8,Intel,Others,1,15.6,SSD,256,10.714218
324,ASUS,Window,DDR4,8,Intel,Others,1,15.6,SSD,1024,11.00195
325,APPLE,Mac,,16,Others,Others,1,15.6,SSD,512,12.314887
326,ASUS,Window,DDR4,16,AMD,Others,1,15.6,SSD,1024,11.361998
327,Lenovo,Window,DDR4,8,AMD,AMD,2,15.6,SSD,512,10.479848
328,DELL,Window,DDR4,8,Intel,Others,1,15.6,SSD,512,11.222185
329,ASUS,Window,DDR5,16,Intel,Others,1,15.6,SSD,1024,11.608154
330,ASUS,Window,DDR4,16,AMD,Others,1,15.6,SSD,1024,11.924975
331,Lenovo,Window,DDR4,8,Intel,Others,2,14.0,SSD,256,10.51843
332,acer,Window,DDR4,8,AMD,AMD,1,15.6,SSD,512,11.050747
333,acer,Window,DDR4,8,Intel,Others,1,15.6,SSD,512,10.621108
334,MSI,Window,DDR4,8,Intel,Others,2,15.6,SSD,512,10.976782
335,Lenovo,Window,DDR4,8,Intel,Others,1,15.6,HDD,1024,11.097274
336,Lenovo,Window,DDR4,8,Intel,Others,2,14.0,SSD,256,10.51843
337,RedmiBook,Window,DDR4,8,Intel,Others,1,15.6,SSD,512,10.59641
338,DELL,Window,DDR5,16,Intel,Others,1,15.6,SSD,512,11.626174
339,Lenovo,Window,DDR4,16,Intel,Others,1,15.6,SSD,512,11.134458
340,ASUS,Window,DDR5,16,AMD,Others,1,15.6,SSD,1024,12.190913
341,Lenovo,Window,DDR4,8,AMD,AMD,2,15.6,SSD,512,10.56375
342,Infinix,Window,Others,16,Intel,Others,1,15.6,SSD,512,10.757711
343,ASUS,Window,DDR4,8,Intel,Others,2,14.0,HDD,1024,11.338465
344,acer,Window,DDR4,8,Intel,Others,1,15.6,SSD,512,10.914925
345,ASUS,Others,Others,4,Intel,Others,1,14.0,SSD,128,9.615206
346,ASUS,Window,DDR4,16,AMD,Others,1,15.6,SSD,1024,11.361998
347,Lenovo,Window,DDR4,8,AMD,AMD,2,15.6,SSD,512,10.479848
348,APPLE,Mac,DDR4,8,Others,Others,1,14.0,SSD,1024,11.91833
349,DELL,Window,DDR4,8,Intel,NVIDIA,1,15.6,SSD,512,11.052334
350,ASUS,Window,DDR4,16,AMD,Others,1,15.6,SSD,1024,11.924975
351,Lenovo,Window,DDR4,8,Intel,Others,2,15.6,SSD,512,10.59641
352,MSI,Window,DDR5,16,Intel,Others,2,15.6,SSD,1024,12.206078
353,Lenovo,Window,DDR4,8,Intel,Others,1,15.6,SSD,256,10.529185
354,ASUS,Window,Others,8,Intel,Others,1,14.0,SSD,512,11.066498
355,DELL,Window,DDR4,4,Intel,Others,1,15.6,SSD,512,10.671069
356,ASUS,Window,DDR5,16,AMD,Others,1,15.6,SSD,1024,12.180709
357,Lenovo,Window,DDR4,8,AMD,AMD,2,15.6,SSD,512,10.714218
358,Lenovo,Window,DDR4,4,Intel,Others,1,15.6,SSD,256,10.707751
359,HP,Window,DDR4,8,Intel,Others,1,14.0,SSD,256,10.625004
360,Lenovo,Window,DDR4,8,Intel,Others,2,14.0,SSD,256,10.51843
361,Lenovo,Window,DDR4,8,Intel,Others,2,15.6,SSD,512,10.59641
362,ASUS,Window,DDR4,8,AMD,AMD,1,15.6,SSD,256,10.433851
363,MSI,Window,DDR5,16,Intel,Others,2,15.6,SSD,1024,12.159458
364,ASUS,Window,Others,16,Intel,Others,1,15.6,SSD,1024,12.07249
365,HP,Window,DDR4,16,AMD,Others,1,15.6,SSD,1024,11.686803
366,RedmiBook,Window,DDR4,8,Intel,Others,1,15.6,SSD,512,10.59641
367,ASUS,Window,DDR5,16,AMD,Others,1,15.6,SSD,1024,12.190913
368,ASUS,Window,DDR4,16,Intel,Others,1,15.6,SSD,512,11.066341
369,acer,Window,DDR4,8,AMD,AMD,1,15.6,SSD,512,10.902298
370,Lenovo,Window,DDR4,8,AMD,AMD,2,15.6,SSD,512,10.56375
371,ASUS,Window,DDR4,16,AMD,Others,1,15.6,SSD,1024,11.361998
372,DELL,Window,DDR4,8,AMD,AMD,1,15.6,SSD,256,10.502352
373,ASUS,Window,DDR4,4,Intel,Others,1,15.6,SSD,256,10.260847
374,DELL,Window,DDR4,16,AMD,AMD,1,15.6,SSD,512,11.156251
375,ASUS,Window,DDR5,32,Intel,Others,1,15.6,SSD,1024,12.618153
376,Lenovo,Window,DDR4,8,AMD,AMD,2,15.6,SSD,512,10.479848
377,ASUS,Window,DDR4,16,AMD,Others,1,15.6,SSD,1024,11.924975
378,Lenovo,Window,DDR4,8,Intel,Others,2,15.6,SSD,256,10.518701
379,Lenovo,Window,DDR4,16,Intel,Others,1,14.0,SSD,512,11.082005
380,Lenovo,Window,DDR4,8,AMD,AMD,1,15.6,SSD,512,11.204918
381,ASUS,Window,DDR5,16,AMD,Others,1,15.6,SSD,1024,12.180709
382,DELL,Window,DDR4,8,Intel,Others,1,15.6,SSD,256,10.661743
383,ASUS,Window,DDR5,16,AMD,Others,1,15.6,SSD,1024,11.856451
384,Lenovo,Window,DDR4,4,Intel,Others,1,15.6,SSD,256,10.571086
385,HP,Window,Others,16,Intel,Others,1,14.0,SSD,512,11.767498
386,acer,Window,DDR4,8,Intel,Others,1,15.6,SSD,512,10.915089
387,Lenovo,Window,DDR4,8,Intel,Others,2,14.0,SSD,256,10.51843
388,acer,Window,DDR4,8,Intel,Others,1,15.6,HDD,1024,11.004281
389,acer,Window,DDR4,8,Intel,Intel,1,14.0,SSD,256,10.291841
390,DELL,Window,DDR4,8,Intel,Others,1,15.6,SSD,512,11.191217
391,Lenovo,Window,DDR4,8,Intel,Others,2,15.6,SSD,512,10.59641
392,Others,Window,DDR4,16,Intel,Others,2,15.6,SSD,512,11.211699
393,acer,Window,DDR4,8,Intel,Others,1,15.6,HDD,1024,10.760686
394,Lenovo,Window,DDR4,8,AMD,AMD,1,14.0,SSD,512,10.925957
395,RedmiBook,Window,DDR4,8,Intel,Others,1,15.6,SSD,512,10.59641
396,DELL,Window,DDR4,8,AMD,AMD,1,14.0,SSD,512,10.81358
397,ASUS,Window,DDR5,32,Intel,Others,1,15.6,SSD,1024,12.388357
398,MSI,Window,DDR4,16,Intel,Others,2,15.6,SSD,512,11.211699
399,Lenovo,Window,DDR4,8,AMD,AMD,2,15.6,SSD,512,10.56375
400,HP,Window,DDR4,8,AMD,AMD,1,15.6,SSD,512,10.868397
401,HP,Window,DDR4,8,Intel,Others,1,15.6,SSD,512,10.64521
402,ASUS,Window,DDR4,8,Intel,Intel,1,14.0,SSD,256,10.308653
403,ASUS,Window,DDR5,16,AMD,Others,1,15.6,SSD,1024,12.190913
404,Others,Window,DDR4,8,Intel,Others,1,14.0,SSD,512,10.829551
405,acer,Window,DDR4,16,Intel,Others,1,15.6,HDD,1024,11.477205
406,Infinix,Window,Others,16,Intel,Others,1,15.6,SSD,512,10.545105
407,ASUS,Window,DDR4,16,AMD,Others,1,15.6,SSD,1024,11.361998
408,MSI,Window,Others,16,Intel,Others,1,14.0,SSD,512,11.225123
409,ASUS,Window,DDR4,8,Intel,Others,1,15.6,SSD,512,10.858826
410,Lenovo,Window,DDR4,8,Intel,Others,2,14.0,SSD,256,10.51843
411,Lenovo,Window,DDR4,8,Intel,Others,2,15.6,SSD,512,10.59641
412,ASUS,Window,DDR4,8,AMD,Others,1,15.6,HDD,1024,11.175297
413,ASUS,Window,DDR4,16,Intel,Others,1,15.6,SSD,1024,11.527725
414,MSI,Window,DDR5,32,Intel,Others,2,15.6,SSD,1024,12.524493
415,ASUS,Window,DDR5,16,AMD,Others,1,15.6,SSD,1024,12.206028
416,RedmiBook,Window,DDR4,8,Intel,Others,1,15.6,SSD,512,10.59641
417,ASUS,Window,DDR5,16,AMD,Others,1,15.6,SSD,1024,12.190913
418,DELL,Window,DDR4,8,Intel,Others,1,15.6,SSD,256,10.623545
419,Lenovo,Window,DDR4,8,Intel,Others,2,15.6,SSD,256,10.829729
420,Lenovo,Window,DDR4,8,AMD,AMD,2,15.6,SSD,512,10.56375
421,ASUS,Window,DDR4,16,AMD,Others,1,15.6,SSD,1024,11.361998
422,HP,Window,DDR4,8,AMD,AMD,1,15.6,SSD,512,11.276583
423,Lenovo,Window,Others,16,AMD,AMD,1,14.0,SSD,512,11.1271305
424,ASUS,Window,DDR4,16,AMD,Others,1,15.6,SSD,1024,12.14415
425,Lenovo,Window,DDR4,16,Intel,Others,2,14.0,SSD,1024,11.542397
426,Lenovo,Window,DDR4,8,AMD,AMD,2,15.6,SSD,512,10.479848
427,ASUS,Window,DDR4,16,AMD,Others,1,15.6,SSD,1024,11.924975
428,ASUS,Others,DDR4,4,Intel,Others,1,15.6,SSD,256,10.491024
429,HP,Window,DDR4,8,AMD,AMD,1,15.6,SSD,512,10.870015
430,Lenovo,Window,DDR4,8,AMD,AMD,1,15.6,SSD,512,11.204918
431,ASUS,Window,DDR5,16,AMD,Others,1,15.6,SSD,1024,12.180709
432,DELL,Window,DDR4,8,AMD,AMD,1,15.6,SSD,512,10.839404
433,Lenovo,Window,DDR4,16,Intel,Others,1,15.6,SSD,512,11.004198
434,Lenovo,Window,DDR4,4,Intel,Others,1,14.0,SSD,256,10.184561
435,HP,Window,DDR4,8,AMD,AMD,1,15.6,SSD,512,11.292902
436,Lenovo,Window,DDR4,8,Intel,Others,2,14.0,SSD,256,10.51843
437,Lenovo,Window,DDR4,8,Intel,Others,2,15.6,SSD,512,10.59641
438,acer,Window,DDR4,32,Intel,NVIDIA,1,15.6,HDD,1024,11.77529
439,ASUS,Window,DDR4,8,AMD,Others,1,14.0,SSD,1024,11.251444
440,RedmiBook,Window,DDR4,8,Intel,Others,1,15.6,SSD,512,10.59641
441,ASUS,Window,DDR5,16,AMD,Others,1,15.6,SSD,1024,12.190913
442,ASUS,Window,DDR4,8,Intel,Others,1,15.6,SSD,512,10.51843
443,MSI,Window,DDR4,16,Intel,Others,2,15.6,SSD,512,11.58795
444,DELL,Window,DDR4,16,Intel,Others,1,14.0,SSD,512,11.23837
445,ASUS,Window,Others,16,Intel,Others,1,14.0,SSD,512,11.47201
446,Lenovo,Window,DDR4,8,AMD,AMD,2,15.6,SSD,512,10.56375
447,ASUS,Window,DDR4,16,AMD,Others,1,15.6,SSD,1024,11.361998
448,acer,Window,DDR4,8,Intel,Others,1,15.6,SSD,512,11.034889
449,HP,Window,DDR4,8,Intel,Intel,1,14.0,SSD,256,10.274741
450,Lenovo,Window,DDR4,8,AMD,AMD,2,15.6,SSD,512,10.479848
451,ASUS,Window,DDR4,16,AMD,Others,1,15.6,SSD,1024,11.924975
452,Lenovo,Window,DDR4,8,Intel,Others,1,15.6,SSD,512,10.914925
453,ASUS,Window,DDR4,16,Intel,Others,1,15.6,SSD,512,10.950648
454,ASUS,Window,DDR4,8,Intel,Others,1,14.0,SSD,256,10.736201
455,ASUS,Window,DDR4,8,Intel,Others,1,14.0,SSD,512,10.551036
456,Lenovo,Window,DDR4,8,Intel,Others,2,14.0,SSD,256,10.51843
457,Lenovo,Window,DDR4,8,Intel,Others,2,15.6,SSD,512,10.59641
458,MSI,Window,DDR4,8,Intel,Others,2,15.6,SSD,512,11.289669
459,DELL,Window,DDR4,4,Intel,Others,1,15.6,HDD,1024,10.69174
460,RedmiBook,Window,DDR4,8,Intel,Others,1,15.6,SSD,512,10.59641
461,ASUS,Window,DDR5,16,AMD,Others,1,15.6,SSD,1024,12.190913
462,HP,Window,DDR4,16,AMD,Others,1,15.6,SSD,1024,11.592208
463,ASUS,Window,DDR4,4,Intel,Others,1,15.6,HDD,1024,10.274741
464,MSI,Window,DDR5,32,Intel,Others,2,15.6,SSD,1024,12.8035
465,DELL,Window,DDR4,16,Intel,Others,1,15.6,SSD,512,11.115801
466,Lenovo,Window,DDR4,8,AMD,AMD,2,15.6,SSD,512,10.56375
467,ASUS,Window,DDR4,16,AMD,Others,1,15.6,SSD,1024,11.361998
468,acer,Window,DDR4,16,AMD,Others,1,15.6,HDD,1024,11.652609
469,ASUS,Window,DDR4,4,Intel,Others,1,14.0,HDD,1024,11.022719
470,Lenovo,Window,DDR4,8,AMD,AMD,2,15.6,SSD,512,10.479848
471,ASUS,Window,DDR4,16,AMD,Others,1,15.6,SSD,1024,11.924975
472,HP,Window,DDR4,16,Intel,Others,1,15.6,SSD,512,11.156122
473,Lenovo,Others,DDR4,8,AMD,AMD,1,14.0,SSD,512,11.156122
474,Lenovo,Window,DDR4,16,Intel,Others,1,15.6,SSD,512,11.289669
475,Lenovo,Window,DDR4,8,AMD,AMD,1,15.6,SSD,256,10.545105
476,Lenovo,Window,DDR4,8,AMD,AMD,1,15.6,SSD,512,11.204918
477,ASUS,Window,DDR5,16,AMD,Others,1,15.6,SSD,1024,12.180709
478,Infinix,Window,Others,8,Intel,Others,1,15.6,SSD,512,10.51843
479,ASUS,Window,DDR4,4,Intel,Intel,1,15.6,SSD,128,10.308319
480,Lenovo,Window,DDR4,8,Intel,Others,2,14.0,SSD,256,10.51843
481,RedmiBook,Window,DDR4,8,Intel,Others,1,15.6,SSD,512,10.59641
482,ASUS,Window,Others,16,Intel,Others,1,14.0,SSD,512,11.47201
483,DELL,Window,DDR4,8,AMD,AMD,1,15.6,SSD,512,10.6358795
484,DELL,Window,DDR4,16,Intel,Others,1,15.6,SSD,512,11.115801
485,ASUS,Window,DDR4,8,Intel,Others,1,15.6,SSD,512,11.03468
486,ASUS,Window,DDR5,16,AMD,Others,1,15.6,SSD,1024,12.190913
487,Lenovo,Window,DDR4,8,AMD,AMD,2,15.6,SSD,512,10.56375
488,ASUS,Window,DDR4,4,Intel,Others,1,14.0,HDD,1024,11.022719
489,HP,Window,DDR4,8,AMD,AMD,1,15.6,SSD,256,10.571317
490,ASUS,Window,DDR4,16,AMD,Others,1,15.6,SSD,1024,11.361998
491,Lenovo,Window,DDR4,8,AMD,AMD,2,15.6,SSD,512,10.479848
492,Lenovo,Window,DDR4,4,Intel,Others,1,15.6,SSD,256,10.37321
493,Lenovo,Window,DDR4,8,AMD,AMD,1,15.6,SSD,256,10.545105
494,ASUS,Window,DDR4,4,Intel,Intel,1,15.6,SSD,128,10.308319
495,ASUS,Window,DDR4,8,Intel,Others,1,15.6,SSD,512,10.757711
496,ASUS,Window,DDR4,16,AMD,Others,1,15.6,SSD,1024,11.924975
497,Lenovo,Window,DDR4,8,AMD,AMD,1,15.6,SSD,512,11.204918
498,Infinix,Window,Others,8,Intel,Others,1,14.0,SSD,512,10.545105
499,Infinix,Window,Others,8,Intel,Others,1,15.6,SSD,512,10.51843
500,Lenovo,Window,DDR4,8,Intel,Others,2,15.6,SSD,512,10.59641
501,ASUS,Window,DDR5,16,AMD,Others,1,15.6,SSD,1024,12.180709
502,acer,Window,DDR4,8,AMD,Others,1,15.6,HDD,1024,11.026646
503,HP,Window,DDR4,16,AMD,Others,1,15.6,SSD,1024,11.608154
504,HP,Window,DDR4,8,AMD,AMD,1,15.6,SSD,512,10.914925
505,Lenovo,Window,DDR4,8,AMD,AMD,2,14.0,SSD,512,10.839404
506,Lenovo,Window,DDR4,8,Intel,Others,2,14.0,SSD,256,10.51843
507,RedmiBook,Window,DDR4,8,Intel,Others,1,15.6,SSD,512,10.59641
508,MSI,Window,DDR4,8,Intel,Others,2,15.6,HDD,1024,11.037966
509,ASUS,Others,Others,4,Intel,Others,1,15.6,SSD,128,10.10197
510,ASUS,Window,DDR5,16,AMD,Others,1,15.6,SSD,1024,12.190913
511,Lenovo,Window,DDR4,8,AMD,AMD,2,15.6,SSD,512,10.56375
512,Lenovo,Window,DDR4,8,Intel,Others,2,15.6,HDD,1024,10.51843
513,HP,Window,DDR4,16,AMD,Others,1,15.6,SSD,1024,11.982873
514,ASUS,Window,DDR4,4,Intel,Others,1,15.6,SSD,256,10.448454
515,ASUS,Window,DDR4,16,AMD,Others,1,15.6,SSD,512,11.5128355
516,ASUS,Window,DDR4,16,AMD,Others,1,15.6,SSD,1024,11.361998
517,Lenovo,Window,DDR4,8,AMD,AMD,2,15.6,SSD,512,10.479848
518,ASUS,Window,Others,8,Intel,Others,1,15.6,SSD,512,11.289669
519,Infinix,Window,Others,4,Intel,Intel,1,14.0,SSD,128,9.951849
520,ASUS,Window,DDR4,16,AMD,Others,1,15.6,SSD,1024,11.924975
521,Lenovo,Window,DDR4,8,Intel,Others,2,15.6,SSD,512,10.59641
522,HP,Window,DDR4,8,Intel,Others,1,15.6,HDD,1024,10.633232
523,DELL,Window,DDR5,16,AMD,Others,1,15.6,SSD,1024,12.238453
524,ASUS,Window,DDR4,8,AMD,Others,1,15.6,SSD,512,11.00195
525,acer,Window,DDR4,16,Intel,Others,1,15.6,SSD,512,11.050747
526,ASUS,Window,DDR5,16,AMD,Others,1,15.6,SSD,1024,12.180709
527,Lenovo,Window,DDR4,8,AMD,AMD,2,15.6,SSD,512,10.714218
528,ASUS,Window,DDR5,16,AMD,Others,1,15.6,SSD,1024,12.180709
529,ASUS,Window,DDR4,8,AMD,Others,1,15.6,HDD,1024,11.050747
530,RedmiBook,Window,DDR4,8,Intel,Others,1,15.6,SSD,512,10.59641
531,ASUS,Window,DDR5,16,AMD,Others,1,15.6,SSD,1024,12.190913
532,Lenovo,Window,DDR4,8,AMD,AMD,1,15.6,SSD,512,11.034744
533,ASUS,Window,DDR5,16,AMD,Others,1,15.6,SSD,1024,11.57111
534,acer,Window,DDR5,16,Intel,Others,1,15.6,SSD,1024,11.954343
535,Others,Window,Others,4,Intel,Intel,1,14.0,SSD,128,9.903037
536,Lenovo,Window,DDR4,8,AMD,AMD,2,15.6,SSD,512,10.56375
537,ASUS,Window,DDR4,16,AMD,Others,1,15.6,SSD,1024,11.361998
538,Lenovo,Window,DDR4,4,Intel,Others,1,15.6,HDD,1024,10.419301
539,Infinix,Window,Others,8,Intel,Others,1,15.6,SSD,512,10.668746
540,Lenovo,Window,DDR4,8,AMD,AMD,2,15.6,SSD,512,10.479848
541,ASUS,Window,DDR4,16,AMD,Others,1,15.6,SSD,1024,11.924975
542,HP,Window,DDR4,8,Intel,Others,1,15.6,SSD,512,11.066498
543,acer,Window,DDR4,16,Intel,Others,1,15.6,SSD,1024,11.735997
544,ASUS,Window,DDR4,4,Intel,Others,1,15.6,SSD,128,9.998388
545,Lenovo,Window,DDR4,4,Intel,Intel,1,14.0,SSD,256,10.312314
546,Lenovo,Window,DDR4,8,Intel,Others,2,14.0,SSD,256,10.51843
547,Lenovo,Window,DDR4,8,Intel,Others,2,15.6,SSD,512,10.59641
548,HP,Window,DDR5,32,Intel,Others,1,15.6,SSD,1024,12.206028
549,acer,Window,DDR4,8,Intel,Others,1,15.6,HDD,1024,11.020775
550,ASUS,Window,DDR5,16,AMD,Others,1,15.6,SSD,1024,12.180709
551,Lenovo,Window,DDR4,8,AMD,AMD,2,15.6,SSD,512,10.714218
552,Lenovo,Window,DDR4,8,Intel,Others,1,15.6,HDD,1024,10.621108
553,ASUS,Window,DDR4,8,Intel,Others,1,15.6,SSD,1024,11.23837
554,HP,Window,DDR4,8,Intel,Others,1,15.6,SSD,512,10.755581
555,Lenovo,Window,DDR4,8,Intel,Others,1,15.6,SSD,256,10.529185
556,Lenovo,Window,DDR4,8,Intel,Others,2,14.0,SSD,256,10.51843
557,Lenovo,Window,DDR4,8,Intel,Others,2,15.6,SSD,512,10.59641
558,Lenovo,Window,DDR4,16,Intel,Others,1,15.6,SSD,512,11.134458
559,ASUS,Window,DDR4,4,Intel,Others,1,15.6,SSD,128,9.903037
560,RedmiBook,Window,DDR4,8,Intel,Others,1,15.6,SSD,512,10.59641
561,ASUS,Window,DDR5,16,AMD,Others,1,15.6,SSD,1024,12.190913
562,ASUS,Window,DDR4,16,Intel,Others,1,14.0,SSD,512,11.407465
563,DELL,Window,DDR4,8,Intel,Others,1,15.6,SSD,512,10.9986105
564,MSI,Window,DDR4,16,Intel,Others,2,15.6,SSD,1024,11.743966
565,ASUS,Window,DDR5,32,AMD,Others,1,15.6,SSD,1024,12.42918
566,Lenovo,Window,DDR4,8,AMD,AMD,2,15.6,SSD,512,10.56375
567,ASUS,Window,DDR4,16,AMD,Others,1,15.6,SSD,1024,11.361998
568,ASUS,Window,DDR5,16,AMD,Others,1,15.6,SSD,1024,11.91833
569,DELL,Window,DDR4,8,Intel,Intel,1,15.6,SSD,256,10.51843
570,Lenovo,Window,DDR4,8,AMD,AMD,2,15.6,SSD,512,10.479848
571,ASUS,Window,DDR4,16,AMD,Others,1,15.6,SSD,1024,11.924975
572,ASUS,Window,DDR4,16,Intel,Others,1,15.6,SSD,512,11.361998
573,HP,Window,DDR4,8,AMD,AMD,1,14.0,SSD,512,11.018481
574,DELL,Window,DDR5,8,Intel,Others,1,15.6,SSD,512,11.383966
575,Lenovo,Window,DDR4,4,AMD,Others,1,15.6,HDD,1024,10.221614
576,DELL,Window,DDR4,8,Intel,Intel,1,15.6,SSD,256,10.51843
577,ASUS,Window,DDR5,32,AMD,Others,1,15.6,SSD,1024,12.42918
578,ASUS,Window,DDR5,16,AMD,Others,1,15.6,SSD,1024,11.91833
579,RedmiBook,Window,DDR4,8,Intel,Others,1,15.6,SSD,512,10.59641
580,HP,Window,DDR4,8,AMD,Others,1,14.0,HDD,1024,10.275051
581,DELL,Window,DDR5,8,Intel,Others,1,15.6,SSD,512,11.383966
582,acer,Window,DDR4,16,Intel,Others,1,15.6,HDD,1024,11.678364
583,Lenovo,Window,DDR4,8,AMD,AMD,2,15.6,SSD,512,10.56375
584,ASUS,Window,DDR4,16,Intel,Others,1,15.6,SSD,512,11.361998
585,DELL,Window,DDR4,8,Intel,Others,1,15.6,HDD,1024,11.02676
586,HP,Window,DDR4,8,AMD,AMD,1,15.6,SSD,512,11.1619625
587,ASUS,Window,DDR5,16,AMD,Others,1,15.6,SSD,1024,12.190913
588,Lenovo,Window,DDR4,16,Intel,Others,2,15.6,SSD,512,11.141876
589,Lenovo,Window,DDR4,8,AMD,AMD,1,15.6,SSD,512,11.074281
590,ASUS,Window,DDR5,16,AMD,Others,1,15.6,SSD,1024,11.91833
591,ASUS,Window,DDR4,16,AMD,Others,1,15.6,SSD,1024,11.361998
592,HP,Window,DDR5,8,AMD,AMD,1,15.6,SSD,512,11.478127
593,DELL,Window,DDR4,16,Intel,Others,1,15.6,SSD,512,11.5326395
594,ASUS,Window,DDR4,16,Intel,Others,1,14.0,SSD,512,11.407465
595,Lenovo,Window,DDR4,8,AMD,AMD,2,15.6,SSD,512,10.479848
596,HP,Window,DDR5,8,AMD,AMD,1,15.6,SSD,512,11.461537
597,MSI,Window,DDR5,32,Intel,Others,2,15.6,SSD,1024,12.660299
598,DELL,Window,DDR4,8,Intel,Others,2,15.6,HDD,1024,10.755795
599,ASUS,Window,DDR4,16,AMD,Others,1,15.6,SSD,1024,11.924975
600,Lenovo,Window,DDR4,8,Intel,Others,2,14.0,SSD,256,10.51843
601,Lenovo,Window,DDR4,8,Intel,Others,2,15.6,SSD,512,10.59641
602,ASUS,Window,DDR5,32,Intel,Others,1,15.6,SSD,1024,12.712863
603,DELL,Window,DDR5,16,Intel,Others,1,15.6,SSD,1024,11.665569
604,HP,Window,DDR4,8,AMD,Others,1,15.6,SSD,512,11.07583
605,DELL,Window,DDR5,16,Intel,Others,1,15.6,SSD,1024,11.834944
606,RedmiBook,Window,DDR4,8,Intel,Others,1,15.6,SSD,512,10.59641
607,ASUS,Window,DDR5,16,AMD,Others,1,15.6,SSD,1024,12.190913
608,DELL,Window,DDR4,8,Intel,Others,1,14.0,SSD,512,10.927574
609,Lenovo,Window,DDR4,16,Intel,Others,1,15.6,SSD,512,11.608154
610,Lenovo,Window,DDR4,8,AMD,AMD,2,15.6,SSD,512,10.56375
611,ASUS,Window,DDR4,16,AMD,Others,1,15.6,SSD,1024,11.361998
612,ASUS,Window,DDR4,8,Intel,Others,1,15.6,HDD,1024,11.289669
613,ASUS,Window,DDR4,16,AMD,Others,1,15.6,SSD,1024,11.779136
614,ASUS,Window,DDR5,32,AMD,Others,1,15.6,SSD,1024,12.799375
615,ASUS,Window,DDR5,16,AMD,Others,1,15.6,SSD,1024,12.264299
616,Lenovo,Window,DDR4,8,AMD,AMD,2,15.6,SSD,512,10.479848
617,ASUS,Window,DDR4,16,AMD,Others,1,15.6,SSD,1024,11.924975
618,DELL,Window,DDR4,4,Intel,Others,1,15.6,SSD,256,10.593906
619,MSI,Window,DDR4,16,Intel,Others,2,15.6,SSD,1024,11.849334
620,Lenovo,Window,DDR4,8,AMD,AMD,1,15.6,SSD,512,11.204918
621,ASUS,Window,DDR5,16,AMD,Others,1,15.6,SSD,1024,12.180709
622,MSI,Window,DDR4,16,Intel,Others,2,15.6,HDD,1024,11.5128355
623,HP,Window,DDR4,16,Intel,Others,1,14.0,SSD,512,11.107975
624,DELL,Window,DDR4,8,Intel,Others,1,15.6,HDD,1024,11.141731
625,DELL,Window,DDR4,32,Intel,Others,1,15.6,SSD,1024,12.8035
626,Lenovo,Window,DDR4,8,Intel,Others,2,14.0,SSD,256,10.51843
627,Lenovo,Window,DDR4,8,Intel,Others,2,15.6,SSD,512,10.59641
628,Others,Window,DDR4,32,Intel,NVIDIA,1,15.6,SSD,1024,12.752433
629,HP,Window,DDR4,16,Intel,Others,1,15.6,SSD,512,11.569523
630,RedmiBook,Window,DDR4,8,Intel,Others,1,15.6,SSD,512,10.59641
631,ASUS,Window,DDR5,16,AMD,Others,1,15.6,SSD,1024,12.190913
632,Lenovo,Others,Others,4,Intel,Others,1,14.0,SSD,128,10.257343
633,Lenovo,Window,DDR4,16,Intel,Others,1,15.6,SSD,512,11.112313
634,acer,Window,DDR4,8,Intel,Others,1,15.6,SSD,512,11.373663
635,ASUS,Window,DDR4,8,Intel,Others,1,15.6,SSD,256,10.51843
636,Lenovo,Window,DDR4,8,AMD,AMD,2,15.6,SSD,512,10.56375
637,ASUS,Window,DDR4,16,AMD,Others,1,15.6,SSD,1024,11.361998
638,Lenovo,Window,DDR4,4,Intel,Intel,1,15.6,SSD,256,10.054104
639,DELL,Window,DDR4,8,Intel,Others,1,14.0,SSD,256,10.654692
640,Lenovo,Window,DDR4,8,AMD,AMD,2,15.6,SSD,512,10.479848
641,ASUS,Window,DDR4,16,AMD,Others,1,15.6,SSD,1024,11.924975
642,Lenovo,Window,DDR4,8,Intel,Others,1,14.0,SSD,512,10.98514
643,ASUS,Window,DDR4,16,Intel,NVIDIA,1,15.6,SSD,1024,11.617205
644,acer,Window,DDR4,32,Intel,NVIDIA,1,15.6,HDD,1024,11.219775
645,DELL,Window,DDR4,8,AMD,NVIDIA,1,15.6,SSD,512,11.184297
646,ASUS,Window,DDR5,16,AMD,Others,1,15.6,SSD,1024,12.180709
647,Lenovo,Window,DDR4,8,AMD,AMD,2,15.6,SSD,512,10.714218
648,Lenovo,Window,DDR4,16,Intel,Others,2,14.0,SSD,512,11.350301
649,ASUS,Window,Others,16,AMD,Others,1,15.6,SSD,1024,11.695172
650,Lenovo,Window,DDR4,8,Intel,Others,2,14.0,SSD,256,10.51843
651,Lenovo,Window,DDR4,8,Intel,Others,2,15.6,SSD,512,10.59641
652,MSI,Window,DDR4,32,Intel,Others,2,15.6,SSD,1024,12.278352
653,MSI,Window,DDR4,8,Intel,Others,1,14.0,SSD,512,10.795301
654,DELL,Window,DDR4,16,AMD,AMD,1,15.6,SSD,512,11.238502
655,ASUS,Window,Others,32,AMD,Others,1,15.6,SSD,1024,12.323815
656,RedmiBook,Window,DDR4,8,Intel,Others,1,15.6,SSD,512,10.59641
657,ASUS,Window,DDR5,16,AMD,Others,1,15.6,SSD,1024,12.190913
658,Infinix,Window,Others,8,Intel,Others,1,15.6,SSD,512,10.819598
659,ASUS,Window,Others,16,Intel,Others,1,15.6,SSD,512,12.013646
660,Lenovo,Window,DDR4,8,AMD,AMD,2,15.6,SSD,512,10.56375
661,ASUS,Window,DDR4,16,AMD,Others,1,15.6,SSD,1024,11.361998
662,HP,Window,DDR4,8,AMD,AMD,1,15.6,SSD,256,10.357457
663,DELL,Window,DDR4,8,Intel,Others,1,15.6,SSD,512,10.78058
664,ASUS,Window,DDR4,16,AMD,Others,1,15.6,SSD,1024,11.951122
665,ASUS,Window,DDR4,32,Intel,Others,1,15.6,SSD,1024,12.323815
666,Lenovo,Window,DDR4,8,AMD,AMD,2,15.6,SSD,512,10.479848
667,ASUS,Window,DDR4,16,AMD,Others,1,15.6,SSD,1024,11.924975
668,ASUS,Window,DDR4,8,Intel,Others,1,15.6,HDD,1024,10.714218
669,ASUS,Window,DDR4,8,Intel,Others,1,15.6,SSD,512,11.097274
670,Lenovo,Window,DDR4,8,AMD,AMD,1,15.6,SSD,512,11.204918
671,ASUS,Window,DDR5,16,AMD,Others,1,15.6,SSD,1024,12.180709
672,ASUS,Window,DDR4,8,Intel,Others,1,14.0,HDD,1024,10.37321
673,Lenovo,Window,DDR4,8,Intel,Others,2,14.0,SSD,256,10.570829
674,HP,Window,DDR4,8,AMD,AMD,1,15.6,SSD,512,11.141731
675,DELL,Window,DDR4,8,Intel,Others,1,15.6,SSD,256,10.671069
676,Lenovo,Window,DDR4,8,Intel,Others,2,15.6,SSD,512,10.59641
677,RedmiBook,Window,DDR4,8,Intel,Others,1,15.6,SSD,512,10.59641
678,ASUS,Window,DDR4,16,AMD,Others,1,15.6,SSD,1024,11.951122
679,ASUS,Window,DDR4,8,Intel,Others,1,15.6,SSD,512,11.097274
680,ASUS,Window,DDR5,16,AMD,Others,1,15.6,SSD,1024,12.190913
681,Lenovo,Window,DDR4,8,AMD,AMD,2,15.6,SSD,512,10.56375
682,DELL,Window,DDR4,8,Intel,Others,1,15.6,SSD,512,10.806673
683,DELL,Window,DDR5,16,Intel,Others,1,15.6,SSD,512,12.309419
684,Lenovo,Window,DDR4,8,AMD,AMD,1,15.6,SSD,512,11.211699
685,DELL,Window,DDR4,16,AMD,AMD,1,15.6,SSD,512,11.264349
686,ASUS,Window,DDR4,16,AMD,Others,1,15.6,SSD,1024,11.361998
687,Lenovo,Window,DDR4,8,AMD,AMD,2,15.6,SSD,512,10.479848
688,Others,Window,DDR4,16,Intel,NVIDIA,1,15.6,SSD,1024,12.277421
689,Others,Window,DDR4,16,Intel,NVIDIA,1,15.6,SSD,512,12.206028
690,ASUS,Window,DDR4,16,AMD,Others,1,15.6,SSD,1024,11.924975
691,Lenovo,Window,DDR4,8,Intel,Others,2,14.0,SSD,256,10.51843
692,DELL,Window,DDR4,8,Intel,Others,1,15.6,SSD,512,10.78058
693,DELL,Window,DDR4,8,AMD,AMD,1,15.6,SSD,512,10.866948
694,ASUS,Window,DDR5,16,Intel,Others,1,15.6,SSD,1024,12.100662
695,ASUS,Others,Others,4,Intel,Others,1,14.0,SSD,128,10.165505
696,Lenovo,Window,DDR4,8,Intel,Others,2,14.0,SSD,256,10.51843
697,Lenovo,Window,DDR4,8,Intel,Others,2,15.6,SSD,512,10.59641
698,DELL,Window,DDR4,16,Intel,Others,1,14.0,SSD,512,11.297452
699,ASUS,Window,DDR5,16,AMD,Others,1,15.6,SSD,1024,11.957554
700,RedmiBook,Window,DDR4,8,Intel,Others,1,15.6,SSD,512,10.59641
701,ASUS,Window,DDR5,16,AMD,Others,1,15.6,SSD,1024,12.190913
702,Infinix,Window,Others,16,Intel,Others,1,15.6,SSD,512,10.819598
703,Lenovo,Window,DDR4,16,Intel,Others,2,15.6,SSD,1024,11.970293
704,ASUS,Window,DDR5,16,Intel,Others,1,15.6,SSD,512,11.440258
705,ASUS,Window,DDR5,16,AMD,Others,1,15.6,SSD,1024,12.055198
706,Lenovo,Window,DDR4,8,AMD,AMD,2,15.6,SSD,512,10.56375
707,ASUS,Window,DDR4,16,AMD,Others,1,15.6,SSD,1024,11.361998
708,ASUS,Window,DDR4,8,Intel,Others,1,15.6,HDD,1024,10.714218
709,ASUS,Window,Others,16,AMD,Others,1,15.6,SSD,1024,11.931577
710,Lenovo,Window,DDR4,8,AMD,AMD,2,15.6,SSD,512,10.479848
711,ASUS,Window,DDR4,16,AMD,Others,1,15.6,SSD,1024,11.924975
712,ASUS,Window,Others,16,Intel,Others,2,14.0,SSD,1024,12.363038
713,DELL,Window,DDR5,16,Intel,Others,1,15.6,SSD,512,11.246235
714,HP,Window,DDR4,16,AMD,AMD,1,15.6,SSD,512,11.407576
715,ASUS,Others,Others,4,Intel,Others,1,14.0,SSD,128,10.064373
716,Lenovo,Window,DDR4,8,AMD,AMD,1,15.6,SSD,512,11.204918
717,ASUS,Window,DDR5,16,AMD,Others,1,15.6,SSD,1024,12.180709
718,ASUS,Window,Others,16,Intel,Others,1,14.0,SSD,512,11.743966
719,Lenovo,Window,DDR4,8,Intel,Others,1,15.6,HDD,1024,10.839404
